Workbook

Sheet Read Me
A1: PM-AI Test Cases - EDEKA shipment dataset
A3: How to use
A4: 1 | B4: Upload backend/data/raw/edeka_tabular_shipment_data.xlsx (2,370 rows). A different file will give different numbers.
A5: 2 | B5: Paste the client brief below on the Client Brief page, then go stage by stage.
A6: 3 | B6: On 'Test Cases', type what you observed in the yellow 'Actual answer' column and pick Pass / Fail / Blocked in 'Status'.
A7: 4 | B7: 'Summary' counts results automatically. Expected values were computed from the file; chart choices come from the template catalog. Drill-down wording is LLM-generated, so judge the idea, not the exact words.
A9: Client brief to paste
B10: We ship fresh produce (mostly table grapes and stone fruit) into Germany for EDEKA. Show me how many shipments we get by carrier and by destination, and rank the top 5 origins by volume. I want the share of shipments by mode of transport. Calculate transit time for each shipment. Flag shipments that arrived late against the planned arrival. Tell me the percentage of shipments in spec for each product, and show the alarm rate by carrier and how it changes month to month. Also show the trend of average temperature. Use 8°C as the maximum temperature. Flag high-risk shipments, but I haven't decided what "high-risk" means. Finally, show revenue by carrier.

Sheet Summary
A1: Results by stage
A3: Stage | B3: Total | C3: Pass | D3: Fail | E3: Blocked | F3: Not run | G3: Pass %
A4: 1. Client brief / Planner | B4: =COUNTIF('Test Cases'!$B$2:$B$70,A4) | C4: =COUNTIFS('Test Cases'!$B$2:$B$70,$A4,'Test Cases'!$H$2:$H$70,"Pass") | D4: =COUNTIFS('Test Cases'!$B$2:$B$70,$A4,'Test Cases'!$H$2:$H$70,"Fail") | E4: =COUNTIFS('Test Cases'!$B$2:$B$70,$A4,'Test Cases'!$H$2:$H$70,"Blocked") | F4: =COUNTIFS('Test Cases'!$B$2:$B$70,$A4,'Test Cases'!$H$2:$H$70,"Not run") | G4: =IF(B4=0,0,C4/B4)
A5: 2. Planner formula / spec display | B5: =COUNTIF('Test Cases'!$B$2:$B$70,A5) | C5: =COUNTIFS('Test Cases'!$B$2:$B$70,$A5,'Test Cases'!$H$2:$H$70,"Pass") | D5: =COUNTIFS('Test Cases'!$B$2:$B$70,$A5,'Test Cases'!$H$2:$H$70,"Fail") | E5: =COUNTIFS('Test Cases'!$B$2:$B$70,$A5,'Test Cases'!$H$2:$H$70,"Blocked") | F5: =COUNTIFS('Test Cases'!$B$2:$B$70,$A5,'Test Cases'!$H$2:$H$70,"Not run") | G5: =IF(B5=0,0,C5/B5)
A6: 3. Audit | B6: =COUNTIF('Test Cases'!$B$2:$B$70,A6) | C6: =COUNTIFS('Test Cases'!$B$2:$B$70,$A6,'Test Cases'!$H$2:$H$70,"Pass") | D6: =COUNTIFS('Test Cases'!$B$2:$B$70,$A6,'Test Cases'!$H$2:$H$70,"Fail") | E6: =COUNTIFS('Test Cases'!$B$2:$B$70,$A6,'Test Cases'!$H$2:$H$70,"Blocked") | F6: =COUNTIFS('Test Cases'!$B$2:$B$70,$A6,'Test Cases'!$H$2:$H$70,"Not run") | G6: =IF(B6=0,0,C6/B6)
A7: 4. Features | B7: =COUNTIF('Test Cases'!$B$2:$B$70,A7) | C7: =COUNTIFS('Test Cases'!$B$2:$B$70,$A7,'Test Cases'!$H$2:$H$70,"Pass") | D7: =COUNTIFS('Test Cases'!$B$2:$B$70,$A7,'Test Cases'!$H$2:$H$70,"Fail") | E7: =COUNTIFS('Test Cases'!$B$2:$B$70,$A7,'Test Cases'!$H$2:$H$70,"Blocked") | F7: =COUNTIFS('Test Cases'!$B$2:$B$70,$A7,'Test Cases'!$H$2:$H$70,"Not run") | G7: =IF(B7=0,0,C7/B7)
A8: 5. Analyses | B8: =COUNTIF('Test Cases'!$B$2:$B$70,A8) | C8: =COUNTIFS('Test Cases'!$B$2:$B$70,$A8,'Test Cases'!$H$2:$H$70,"Pass") | D8: =COUNTIFS('Test Cases'!$B$2:$B$70,$A8,'Test Cases'!$H$2:$H$70,"Fail") | E8: =COUNTIFS('Test Cases'!$B$2:$B$70,$A8,'Test Cases'!$H$2:$H$70,"Blocked") | F8: =COUNTIFS('Test Cases'!$B$2:$B$70,$A8,'Test Cases'!$H$2:$H$70,"Not run") | G8: =IF(B8=0,0,C8/B8)
A9: 6. Drill-downs | B9: =COUNTIF('Test Cases'!$B$2:$B$70,A9) | C9: =COUNTIFS('Test Cases'!$B$2:$B$70,$A9,'Test Cases'!$H$2:$H$70,"Pass") | D9: =COUNTIFS('Test Cases'!$B$2:$B$70,$A9,'Test Cases'!$H$2:$H$70,"Fail") | E9: =COUNTIFS('Test Cases'!$B$2:$B$70,$A9,'Test Cases'!$H$2:$H$70,"Blocked") | F9: =COUNTIFS('Test Cases'!$B$2:$B$70,$A9,'Test Cases'!$H$2:$H$70,"Not run") | G9: =IF(B9=0,0,C9/B9)
A10: 7. Report | B10: =COUNTIF('Test Cases'!$B$2:$B$70,A10) | C10: =COUNTIFS('Test Cases'!$B$2:$B$70,$A10,'Test Cases'!$H$2:$H$70,"Pass") | D10: =COUNTIFS('Test Cases'!$B$2:$B$70,$A10,'Test Cases'!$H$2:$H$70,"Fail") | E10: =COUNTIFS('Test Cases'!$B$2:$B$70,$A10,'Test Cases'!$H$2:$H$70,"Blocked") | F10: =COUNTIFS('Test Cases'!$B$2:$B$70,$A10,'Test Cases'!$H$2:$H$70,"Not run") | G10: =IF(B10=0,0,C10/B10)
A11: Total | B11: =SUM(B4:B10) | C11: =SUM(C4:C10) | D11: =SUM(D4:D10) | E11: =SUM(E4:E10) | F11: =SUM(F4:F10) | G11: =IF(B11=0,0,C11/B11)

Sheet Test Cases
A1: ID | B1: Stage | C1: Area | D1: Test case / input | E1: Expected answer (correct) | F1: Expected chart / drill-down | G1: Actual answer (fill in) | H1: Status | I1: Notes
A2: T001 | B2: 1. Client brief / Planner | C2: Analysis | D2: Brief: shipments by carrier | E2: Analysis card, status New, required field Carrier | F2: - | H2: Not run
A3: T002 | B3: 1. Client brief / Planner | C3: Analysis | D3: Brief: shipments by destination | E3: Separate analysis card (not merged with carrier), field Destination | F3: - | H3: Not run
A4: T003 | B4: 1. Client brief / Planner | C4: Analysis | D4: Brief: top 5 origins by volume | E4: Analysis card, field Origin | F4: - | H4: Not run
A5: T004 | B5: 1. Client brief / Planner | C5: Analysis | D5: Brief: share by mode of transport | E5: Analysis card, field Mode Of Transportation | F5: - | H5: Not run
A6: T005 | B6: 1. Client brief / Planner | C6: Feature | D6: Brief: calculate transit time | E6: Feature card (no extra 'transit by carrier' analysis added) | F6: - | H6: Not run
A7: T006 | B7: 1. Client brief / Planner | C7: Feature | D7: Brief: flag late vs planned arrival | E7: Feature card, fields Actual Arrival Time CET + Planned Arrival Time CET | F7: - | H7: Not run
A8: T007 | B8: 1. Client brief / Planner | C8: Feature + Analysis | D8: Brief: % in spec for each product | E8: ONE 'Feature + Analysis' card (per-group wording), status New; shows in both tabs | F8: - | H8: Not run
A9: T008 | B9: 1. Client brief / Planner | C9: Analysis | D9: Brief: alarm rate by carrier | E9: Analysis card using existing Is Alarmed column (no new feature) | F9: - | H9: Not run
A10: T009 | B10: 1. Client brief / Planner | C10: Analysis | D10: Brief: alarm rate month to month | E10: Analysis card, date field Trip Create Date CET | F10: - | H10: Not run
A11: T010 | B11: 1. Client brief / Planner | C11: Analysis | D11: Brief: average temperature trend | E11: Analysis card, field Mean Value over time | F11: - | H11: Not run
A12: T011 | B12: 1. Client brief / Planner | C12: Configuration | D12: Brief: 'Use 8°C as the maximum temperature' | E12: Configuration card | F12: - | H12: Not run
A13: T012 | B13: 1. Client brief / Planner | C13: Clarification | D13: Brief: 'flag high-risk shipments' (undefined) | E13: Feature card with status Needs Clarification and a specific question asking what counts as high-risk | F13: - | H13: Not run
... A70: T069 | B70: 7. Report | C70: Translation | D70: Translate the report | E70: Numbers and column names unchanged | F70: - | H70: Not run
